row_index,date,close,future_return,actual_direction,prob_majority_baseline,prob_logistic_regression,prob_random_forest,prob_xgboost,prob_mlp,prob_lstm,signal,strategy_return,buy_hold_return,strategy_equity,buy_hold_equity
39,2018-08-27,6908.64,0.04217472614002182,1,0.5204610951008646,0.285682956887541,0.3758016319581437,0.39047083,0.47665244,0.45600274,0,0.0,0.04217472614002182,1.0,1.0421747261400218
44,2018-09-01,7200.01,-0.09499986805573879,0,0.5204610951008646,0.3706175317969754,0.38488443066239497,0.42213222,0.47450495,0.48781016,0,-0.0,-0.09499986805573879,1.0,0.943168264665694
60,2018-09-17,6248.69,0.07591351147200465,1,0.5204610951008646,0.3738363609044232,0.5154588730951194,0.47039756,0.50357413,0.49386016,1,0.07391351147200464,0.07591351147200465,1.0739135114720046,1.014767479545424
65,2018-09-22,6723.05,-0.0050453291288924396,0,0.5204610951008646,0.4706937788979096,0.4156918955173136,0.48376858,0.46339306,0.465687,0,-0.0,-0.0050453291288924396,1.0739135114720046,1.0096476436218207
109,2018-11-05,6468.99,-0.005555735903131631,0,0.5204610951008646,0.5467738181730138,0.6039323565403852,0.69252557,0.4607972,0.45425898,0,-0.0,-0.005555735903131631,1.0739135114720046,1.0040383079586388
114,2018-11-10,6433.05,-0.10564973068762107,0,0.5204610951008646,0.6399059297505034,0.680397704878259,0.74427444,0.47022572,0.43085265,0,-0.0,-0.10564973068762107,1.0739135114720046,0.8979619311227539
130,2018-11-26,3862.2,0.08487908445963455,1,0.5204610951008646,0.5791450575543196,0.4659134333124318,0.4316046,0.549825,0.5188578,1,0.08287908445963454,0.08487908445963455,1.1629184800916357,0.9741801177160587
135,2018-12-01,4190.02,-0.16259349597376638,0,0.5204610951008646,0.36769419379518015,0.37291604753865615,0.4003626,0.44580954,0.46083802,0,-0.0,-0.16259349597376638,1.1629184800916357,0.8157847666684694
179,2019-01-14,3626.09,0.01081330027660643,1,0.5204610951008646,0.5670309144924593,0.4228801189315006,0.4408718,0.48803523,0.47856283,0,0.0,0.01081330027660643,1.1629184800916357,0.8246060923115369
184,2019-01-19,3665.3,-0.026104275229858476,0,0.5204610951008646,0.6168343500132166,0.472888284002857,0.55284935,0.46349075,0.44192943,0,-0.0,-0.026104275229858476,1.1629184800916357,0.8030803479216184
200,2019-02-04,3463.22,0.05831567154266848,1,0.5204610951008646,0.5996307720038351,0.5695220116830824,0.7098923,0.47916663,0.45048648,0,0.0,0.05831567154266848,1.1629184800916357,0.8499125177133875
205,2019-02-09,3665.18,-0.020359163806416003,0,0.5204610951008646,0.5144316145332466,0.42652424583802473,0.47300833,0.47987998,0.48792434,0,-0.0,-0.020359163806416003,1.1629184800916357,0.8326090095441372
249,2019-03-25,3936.12,0.04340568885094975,1,0.5204610951008646,0.5353338062459808,0.5509875015052996,0.56701857,0.48993206,0.5104844,0,0.0,0.04340568885094975,1.1629184800916357,0.8687489771469075
254,2019-03-30,4106.97,0.1927674173417384,1,0.5204610951008646,0.485868179227751,0.5459541315261747,0.5937696,0.48263457,0.53661263,0,0.0,0.1927674173417384,1.1629184800916357,1.0362154737897937
270,2019-04-15,5024.95,0.05309107553308978,1,0.5204610951008646,0.4274268664305781,0.6297087355508265,0.6110165,0.5252654,0.5518373,1,0.05109107553308978,0.05309107553308978,1.2223332359968233,1.091229267777324
275,2019-04-20,5291.73,-0.013574010767745115,0,0.5204610951008646,0.34974615695664796,0.5407844348694337,0.64233387,0.5042977,0.57805055,1,-0.015574010767745115,-0.013574010767745115,1.2032966050176361,1.076416909946436
319,2019-06-03,8115.82,-0.027378625942911516,0,0.5204610951008646,0.5818962021346649,0.6321117926795415,0.6573171,0.56766886,0.4844153,1,-0.029378625942911518,-0.027378625942911516,1.1679454041604476,1.0469460940103879
324,2019-06-08,7893.62,0.04116235643469035,1,0.5204610951008646,0.5439233222205722,0.5609644173201263,0.6027609,0.52189416,0.48407018,1,0.03916235643469035,0.04116235643469035,1.2136848983744375,1.0900408622999502
340,2019-06-24,11056.59,0.07656429333094561,1,0.5204610951008646,0.630094065384142,0.6124819632749819,0.65515804,0.5572701,0.578493,1,0.07456429333094561,0.07656429333094561,1.304182455148168,1.1734990706238004
345,2019-06-29,11903.13,-0.0636353631355786,0,0.5204610951008646,0.6502738035754914,0.5441371344525723,0.52358824,0.58231777,0.5499734,1,-0.0656353631355786,-0.0636353631355786,1.2185819661094675,1.0988230311253908
389,2019-08-12,11396.08,-0.10354964163115732,0,0.5204610951008646,0.5097724013749361,0.4823219080797211,0.46034616,0.5213854,0.45366514,1,-0.10554964163115732,-0.10354964163115732,1.089961076288422,0.9850403000362946
394,2019-08-17,10216.02,-0.011368419404034213,0,0.5204610951008646,0.5631755993883314,0.5369083803597271,0.50823677,0.50940824,0.5211681,1,-0.013368419404034214,-0.011368419404034213,1.0753900194865258,0.9738419487756064
410,2019-09-02,10340.0,0.011206963249516422,1,0.5204610951008646,0.4554182463491079,0.3493888385640302,0.36455128,0.47856778,0.39727053,0,0.0,0.011206963249516422,1.0753900194865258,0.9847557597063721
415,2019-09-07,10455.88,-0.003908805380321789,0,0.5204610951008646,0.538271022256508,0.4338530860030358,0.46678042,0.4714074,0.42312586,0,-0.0,-0.003908805380321789,1.0753900194865258,0.9809065410945289
459,2019-10-21,8197.27,0.12598462658909604,1,0.5204610951008646,0.5731316271994197,0.4108353067433278,0.41730988,0.48222485,0.4098734,0,0.0,0.12598462658909604,1.0753900194865258,1.1044856853931249
464,2019-10-26,9230.0,-0.009658721560129924,0,0.5204610951008646,0.6633696113832546,0.5493728880183931,0.4842685,0.5281908,0.5240299,1,-0.011658721560129924,-0.009658721560129924,1.0628523466807898,1.0938177656907635
480,2019-11-11,8733.27,-0.02773875077720034,0,0.5204610951008646,0.5202716207349889,0.523790349589394,0.5171751,0.50789964,0.47430894,1,-0.02973875077720034,-0.02773875077720034,1.0312444456298873,1.0634766272925933
485,2019-11-16,8491.02,-0.10166976405661521,0,0.5204610951008646,0.5913277880029384,0.4905292618448905,0.45926464,0.48313683,0.47915697,0,-0.0,-0.10166976405661521,1.0312444456298873,0.9553532095160304
529,2019-12-30,7246.0,0.014919955837703558,1,0.5204610951008646,0.5826250253931633,0.4823251085110552,0.5090199,0.49524978,0.43065327,1,0.012919955837703558,0.014919955837703558,1.0445680783253024,0.9696070372114179
534,2020-01-04,7354.11,0.06304637814772973,1,0.5204610951008646,0.5370499130038682,0.42918186591554575,0.45415294,0.47608304,0.45049447,0,0.0,0.06304637814772973,1.0445680783253024,1.0307372491341489
550,2020-01-20,8642.35,-0.034917586073232476,0,0.5204610951008646,0.5376776259850752,0.502665462357537,0.5369528,0.506982,0.5879128,1,-0.03691758607323248,-0.034917586073232476,1.006005146384377,0.9947463925186204
555,2020-01-25,8340.58,0.14059334003150847,1,0.5204610951008646,0.5680407008439352,0.4868402969713282,0.48458925,0.49626115,0.5288975,1,0.13859334003150847,0.14059334003150847,1.1454307597106745,1.1346011103271072
599,2020-03-09,7929.87,-0.3477749319976241,0,0.5204610951008646,0.6254366214552797,0.6029440758645797,0.6513788,0.52661854,0.5492905,1,-0.3497749319976241,-0.3477749319976241,0.7447877936248865,0.7400152863386686
604,2020-03-14,5172.06,0.19147303008859118,1,0.5204610951008646,0.8871689730329331,0.635272272823145,0.6587212,0.65102196,0.515761,1,0.18947303008859118,0.19147303008859118,0.88590499365599,0.88170825552581
620,2020-03-30,6394.38,0.07234634163124487,1,0.5204610951008646,0.2541448419882034,0.39124184933389916,0.43868876,0.4836009,0.49586725,0,0.0,0.07234634163124487,0.88590499365599,0.9454966221991692
625,2020-04-04,6856.99,0.06220659502201409,1,0.5204610951008646,0.3404025527920909,0.37064290093561936,0.43764794,0.4905396,0.4844435,1,0.06020659502201409,0.06220659502201409,0.9392423168370161,1.0043127476709952
669,2020-05-18,9733.93,-0.056994451367536114,0,0.5204610951008646,0.523333162963054,0.4682268215562524,0.5556712,0.5401846,0.5253776,1,-0.058994451367536116,-0.056994451367536114,0.8838322316540428,0.9470724936160642
674,2020-05-23,9179.15,0.04322186694846475,1,0.5204610951008646,0.6646910318621655,0.602185232057767,0.6820908,0.5175026,0.49961144,1,0.04122186694846475,0.04322186694846475,0.9202654463120504,0.9880067349256885
690,2020-06-08,9782.01,-0.03155486449104017,0,0.5204610951008646,0.48218623849660797,0.49027385490838066,0.5086255,0.49987665,0.43553165,1,-0.03355486449104017,-0.03155486449104017,0.889386063965263,0.9568303162888733
695,2020-06-13,9473.34,-0.009185778194385597,0,0.5204610951008646,0.49332670637293813,0.44309807105803833,0.49811563,0.49823433,0.4515875,1,-0.011185778194385597,-0.009185778194385597,0.8794375887245699,0.9480410852337798
739,2020-07-27,11029.96,0.06991956453151249,1,0.5204610951008646,0.5712939863668189,0.6805132196675325,0.5955066,0.518735,0.57255834,1,0.06791956453151249,0.06991956453151249,0.9391686067833861,1.0143277050713082
744,2020-08-01,11801.17,-0.0032801832360690453,0,0.5204610951008646,0.6851374479590503,0.6145815442294895,0.6909278,0.52294683,0.5690736,1,-0.005280183236069045,-0.0032801832360690453,0.9342096244500061,1.0110005243372528
760,2020-08-17,12281.13,-0.05033494474856959,0,0.5204610951008646,0.5290053328586013,0.4796857605530239,0.60106295,0.49887085,0.46141288,1,-0.05233494474856959,-0.05033494474856959,0.8853178153708331,0.9601118688039624
765,2020-08-22,11662.96,-0.028515917057076456,0,0.5204610951008646,0.5797800538617637,0.5121685432752756,0.5156977,0.4896729,0.46527043,0,-0.0,-0.028515917057076456,0.8853178153708331,0.9327333983876339
809,2020-10-05,10792.21,0.04642329976900017,1,0.5204610951008646,0.5080552890738015,0.5252041350680894,0.5843142,0.47335255,0.45933196,0,0.0,0.04642329976900017,0.8853178153708331,0.9760339605455413
814,2020-10-10,11293.22,0.018763470471663712,1,0.5204610951008646,0.43664583992759276,0.36627670214148167,0.3779003,0.47451547,0.40556267,0,0.0,0.018763470471663712,0.8853178153708331,0.9943477449435785
830,2020-10-26,13052.19,0.05660429399204259,1,0.5204610951008646,0.598007843782458,0.5388928419786363,0.55149513,0.50791323,0.55706924,1,0.054604293992042585,0.05660429399204259,0.9336599696377349,1.0506320970286893
835,2020-10-31,13791.0,0.13044884344862595,1,0.5204610951008646,0.6480753689113478,0.5280254810435769,0.56471914,0.51671904,0.5736191,1,0.12844884344862595,0.13044884344862595,1.0535875129119812,1.1876858389760865
879,2020-12-14,19273.14,0.2360004648957046,1,0.5204610951008646,0.45350794385734494,0.5072956358565787,0.541713,0.5165024,0.4791185,1,0.23400046489570459,0.2360004648957046,1.3001274807416938,1.4679802491244878
884,2020-12-19,23821.61,-0.003879250814701418,0,0.5204610951008646,0.5168098241143626,0.6630459429247907,0.7056424,0.588689,0.5839563,1,-0.005879250814701418,-0.003879250814701418,1.2924837051913276,1.462285585547106
900,2021-01-04,31988.71,0.25319901927898947,1,0.5204610951008646,0.6239824137356581,0.6630409233845703,0.61583257,0.6189127,0.52904695,1,0.25119901927898947,0.25319901927898947,1.6171543443694636,1.832534861713436
905,2021-01-09,40088.22,-0.02354108014773415,0,0.5204610951008646,0.7715472088807801,0.584186885627023,0.5173563,0.636219,0.5604207,1,-0.025541080147734152,-0.02354108014773415,1.5758504756486666,1.7893950116603232
949,2021-02-22,54087.67,-0.1475611724446625,0,0.5204610951008646,0.4241884393464729,0.48873557945305707,0.46217534,0.6117998,0.447279,1,-0.1495611724446625,-0.1475611724446625,1.340164430913173,1.5253497857730953
954,2021-02-27,46106.43,0.04918316165445891,1,0.5204610951008646,0.634321194578241,0.6793318389626908,0.6738354,0.54927117,0.5241081,1,0.047183161654458905,0.04918316165445891,1.4033976259005052,1.6003713108663677
970,2021-03-15,55605.2,0.04490731082704502,1,0.5204610951008646,0.6638401218897103,0.5693545711617373,0.6243284,0.560627,0.45730096,1,0.04290731082704502,0.04490731082704502,1.4636136440489553,1.6722396827621293
975,2021-03-20,58102.28,-0.11718128789438209,0,0.5204610951008646,0.5756886244169563,0.5583335003971779,0.5882469,0.5277186,0.44902837,1,-0.11918128789438209,-0.11718128789438209,1.289178284971411,1.47628448306797
1019,2021-05-03,57169.39,0.029607802357170643,1,0.5204610951008646,0.4575331998868654,0.4586212709073599,0.5170529,0.49968198,0.4586069,1,0.02760780235717064,0.029607802357170643,1.324769664266058,1.5199940222656043
1024,2021-05-08,58862.05,-0.15614610772135873,0,0.5204610951008646,0.45740648971267767,0.4828809419608212,0.5057261,0.5081109,0.45650604,1,-0.15814610772135873,-0.15614610772135873,1.1152624982350499,1.282652871929098
1040,2021-05-24,38796.29,-0.10802940178042797,0,0.5204610951008646,0.4756130663548674,0.4191777975330852,0.4924824,0.48788944,0.5328251,0,-0.0,-0.10802940178042797,1.1152624982350499,1.1440886494826497
1045,2021-05-29,34605.15,0.13413148042993606,1,0.5204610951008646,0.7968400915476133,0.5844983205781497,0.6224747,0.5618486,0.52655977,1,0.13213148042993605,0.13413148042993606,1.262623783194836,1.2975469537808437
1089,2021-07-12,33086.63,-0.04734722152120052,0,0.5204610951008646,0.5355208780457619,0.528313360027119,0.54137486,0.5237692,0.47460032,1,-0.049347221521200524,-0.04734722152120052,1.200316807667584,1.236111710726023
1094,2021-07-17,31520.07,0.024357813926174643,1,0.5204610951008646,0.6501662948900641,0.5708835532193884,0.57265604,0.50757235,0.5474259,1,0.02235781392617464,0.024357813926174643,1.2271532675058758,1.266220689767853
1110,2021-08-02,39147.82,0.13857016814729395,1,0.5204610951008646,0.6768946602735796,0.5224596758142575,0.49755463,0.49965727,0.51204455,1,0.13657016814729395,0.13857016814729395,1.3947457955916545,1.4416811036605668
1115,2021-08-07,44572.54,-0.003893428554890499,0,0.5204610951008646,0.5643867021837323,0.49829311837579016,0.504775,0.52038676,0.47870144,1,-0.005893428554890499,-0.003893428554890499,1.386525960893101,1.4360680212845287
1159,2021-09-20,43015.62,-0.008019877430570643,0,0.5204610951008646,0.5400348528719587,0.5662994269689029,0.63613075,0.543132,0.50899166,1,-0.010019877430570643,-0.008019877430570643,1.372633140710648,1.4245509317718648
1164,2021-09-25,42670.64,0.027031701422804977,1,0.5204610951008646,0.3616027741119235,0.6318465671806964,0.60297304,0.50274825,0.5018795,1,0.025031701422804975,0.027031701422804977,1.406992483651964,1.4630589672211005
1180,2021-10-11,57471.35,0.0592333397423237,1,0.5204610951008646,0.4448360477509297,0.4608143890485442,0.4190303,0.52422976,0.4905325,1,0.0572333397423237,0.0592333397423237,1.4875193624837126,1.5497208360895611
1185,2021-10-16,60875.57,0.021643821979818956,1,0.5204610951008646,0.49065795213885016,0.5006604669747552,0.526431,0.5471215,0.46124107,1,0.019643821979818954,0.021643821979818956,1.5167399280318765,1.5832627179842997
1229,2021-11-29,57776.25,-0.14926167759243636,0,0.5204610951008646,0.48565167274163,0.4631750136908678,0.5144845,0.49643213,0.4937904,1,-0.15126167759243636,-0.14926167759243636,1.2873153020463437,1.3469422686284027
1234,2021-12-04,49152.47,-0.032691744687500024,0,0.5204610951008646,0.7013393625144342,0.6166225178184401,0.66199946,0.5437066,0.5368797,1,-0.034691744687500026,-0.032691744687500024,1.24265608825544,1.3029083758736009
1250,2021-12-20,46914.16,0.07429526607744874,1,0.5204610951008646,0.50531225351695,0.5282184257582088,0.6049384,0.4803108,0.5014253,0,0.0,0.07429526607744874,1.24265608825544,1.3997083003336666
1255,2021-12-25,50399.66,-0.06505579601132228,0,0.5204610951008646,0.44099927952508416,0.39167340620566166,0.43706638,0.49557173,0.40066007,1,-0.06705579601132228,-0.06505579601132228,1.1593287950891555,1.3086491626718049
1299,2022-02-07,43839.99,-0.03700092084875006,0,0.5204610951008646,0.3946378013118908,0.49028330518387353,0.5063031,0.5163937,0.524833,1,-0.039000920848750065,-0.03700092084875006,1.1141139045142066,1.2602279385850024
1304,2022-02-12,42217.87,-0.04031870864162512,0,0.5204610951008646,0.567889830953612,0.5466561560924762,0.56201476,0.4924669,0.521191,1,-0.042318708641625125,-0.04031870864162512,1.0669660427954866,1.2094171755071579
1320,2022-02-28,43160.0,-0.08716496756255798,0,0.5204610951008646,0.3336856222508974,0.44340480147372535,0.46000314,0.5057815,0.4883302,1,-0.08916496756255798,-0.08716496756255798,0.9718300501992762,1.103998366634476
1325,2022-03-05,39397.96,0.0006101838775409707,1,0.5204610951008646,0.5555274323057214,0.5467566616418418,0.5006908,0.50999063,0.5196413,1,-0.0013898161224590293,0.0006101838775409707,0.970479385127219,1.104672008638628
1369,2022-04-18,40801.13,-0.033320890867483355,0,0.5204610951008646,0.36832461885619705,0.4274606308879934,0.49837753,0.48281536,0.47373042,0,-0.0,-0.033320890867483355,0.970479385127219,1.0678633531944166
1374,2022-04-23,39441.6,0.007618098657255379,1,0.5204610951008646,0.5455626254991492,0.54173315571821,0.5024839,0.4951629,0.5255289,1,0.005618098657255379,0.007618098657255379,0.9759316340576962,1.0759984415715191
1390,2022-05-09,30076.31,0.0003467845623350563,1,0.5204610951008646,0.6663132912184064,0.6177436554197816,0.6731055,0.5878679,0.5813656,1,-0.0016532154376649438,0.0003467845623350563,0.9743182088141664,1.0763715812201526
1395,2022-05-14,30086.74,0.007727324396062718,1,0.5204610951008646,0.48574827929615905,0.4917287767275961,0.4792959,0.49128345,0.5775937,1,0.005727324396062718,0.007727324396062718,0.979898445261036,1.0846890535989437
1439,2022-06-27,20742.56,-0.07182093242107046,0,0.5204610951008646,0.5501471291739833,0.5084141629587059,0.57211214,0.508879,0.45580155,1,-0.07382093242107046,-0.07182093242107046,0.9075614283539091,1.0067856743825392
1444,2022-07-02,19252.81,0.12321162469270708,1,0.5204610951008646,0.682407954150106,0.6030530960461186,0.53354824,0.51528275,0.57522833,1,0.12121162469270708,0.12321162469270708,1.0175684235931202,1.1308333730405546
1460,2022-07-18,22432.58,0.0008242475898891932,1,0.5204610951008646,0.6058316300874125,0.498781314837733,0.53145456,0.47119492,0.5468293,0,0.0,0.0008242475898891932,1.0175684235931202,1.1317654597228497
1465,2022-07-23,22451.07,0.061995263477420126,1,0.5204610951008646,0.6893289520949883,0.5360772904061446,0.60715157,0.49684924,0.53539413,1,0.059995263477420124,0.061995263477420126,1.0786177092728924,1.2019295575930113
1509,2022-09-05,19796.84,0.09352502722656753,1,0.5204610951008646,0.5423636588924455,0.5298941330206004,0.5857579,0.49471605,0.5582473,1,0.09152502722656752,0.09352502722656753,1.1773382244811517,1.314340052191314
1514,2022-09-10,21648.34,-0.08991266766874495,0,0.5204610951008646,0.5266251826306523,0.4260664469678745,0.47553778,0.48950556,0.47386038,0,-0.0,-0.08991266766874495,1.1773382244811517,1.1961642318749155
1530,2022-09-26,19227.82,0.004323423040157426,1,0.5204610951008646,0.3855586359297574,0.4141626822971085,0.42270255,0.48578852,0.48618078,0,0.0,0.004323423040157426,1.1773382244811517,1.2013357558748157
1535,2022-10-01,19310.95,0.03364515987043615,1,0.5204610951008646,0.5310098906531058,0.5066730588874064,0.5672026,0.47374213,0.47533104,0,0.0,0.03364515987043615,1.1773382244811517,1.2417548894392951
1579,2022-11-14,16619.46,0.004887042057925006,1,0.5204610951008646,0.4447267779462448,0.5679835689733067,0.6383263,0.5217376,0.542877,1,0.002887042057925006,0.004887042057925006,1.1807372494516315,1.247823397809619
1584,2022-11-19,16700.68,-0.006091368734686187,0,0.5204610951008646,0.5060791016087431,0.5507909782663061,0.6629232,0.48290876,0.5623262,0,-0.0,-0.006091368734686187,1.1807372494516315,1.2402224453777915
1600,2022-12-05,16966.35,0.009497623236583097,1,0.5204610951008646,0.5060878484954366,0.5233503766715479,0.5975759,0.5074419,0.39547315,1,0.007497623236583097,0.009497623236583097,1.1895899724894192,1.2520016108935434
1605,2022-12-10,17127.49,0.013361560859180166,1,0.5204610951008646,0.5355421155051058,0.49498404318435796,0.49626622,0.48213184,0.4008428,0,0.0,0.013361560859180166,1.1895899724894192,1.2687303066132891
1649,2023-01-23,22916.45,0.004632043793868501,1,0.5204610951008646,0.6177910907951574,0.628200646333394,0.6310028,0.5460791,0.576328,1,0.002632043793868501,0.004632043793868501,1.1927210253937581,1.27460712095613
1654,2023-01-28,23022.6,0.020255748699104403,1,0.5204610951008646,0.6032585031862923,0.5968017249382992,0.6287398,0.5304988,0.51977956,1,0.0182557486991044,0.020255748699104403,1.2144950407014847,1.3004252424883065
1670,2023-02-13,21773.97,0.13125672534682464,1,0.5204610951008646,0.6059911267710846,0.5247373422437548,0.44667935,0.50063765,0.47760618,1,0.12925672534682464,0.13125672534682464,1.3714766926125173,1.471114801375672
1675,2023-02-18,24631.95,-0.028083444469479635,0,0.5204610951008646,0.5388107973222488,0.5280995068798604,0.4733518,0.5366716,0.5098003,1,-0.030083444469479637,-0.028083444469479635,1.330217949689123,1.4298008305430088
1719,2023-04-03,27800.0,0.004977697841726636,1,0.5204610951008646,0.26767924076985794,0.4969514652031429,0.5358417,0.51842976,0.43196377,1,0.002977697841726636,0.004977697841726636,1.3341789368069383,1.4369179470513016
1724,2023-04-08,27938.38,0.08717255617541175,1,0.5204610951008646,0.4488175289741572,0.6119376027781218,0.5489279,0.49487615,0.40722597,1,0.08517255617541175,0.08717255617541175,1.4478143672501784,1.5621777575100886
1740,2023-04-24,27510.93,0.06250315783581284,1,0.5204610951008646,0.46475513141666336,0.5699763196571997,0.58814174,0.5067686,0.498637,1,0.06050315783581284,0.06250315783581284,1.5354117084288734,1.6598188004553378
1745,2023-04-29,29230.45,-0.013420593935433822,0,0.5204610951008646,0.49540948084747854,0.41785187450668737,0.45920086,0.5019018,0.402786,1,-0.015420593935433822,-0.013420593935433822,1.5117347479494812,1.6375430463280278
1789,2023-06-12,25905.19,0.023616889125306573,1,0.5204610951008646,0.4954749759285585,0.49129058341425663,0.55366534,0.49252176,0.49969977,1,0.02161688912530657,0.023616889125306573,1.5444137503827784,1.6762167188910737
1794,2023-06-17,26516.99,0.1270102677566345,1,0.5204610951008646,0.5312552852386596,0.40375981922692084,0.42132223,0.4696034,0.42641255,0,0.0,0.1270102677566345,1.5444137503827784,1.8891134531755762
1810,2023-07-03,31156.2,-0.027974207380874416,0,0.5204610951008646,0.4210334305362307,0.4594679944933639,0.46873263,0.4966293,0.3657667,1,-0.029974207380874418,-0.027974207380874416,1.498121172346931,1.8362670016704428
1815,2023-07-08,30284.63,0.03862025060236829,1,0.5204610951008646,0.43096701000485654,0.4194315265814091,0.42662278,0.4900166,0.38300586,1,0.03662025060236829,0.03862025060236829,1.5529827451109894,1.9071840934478146
1859,2023-08-21,26126.92,-0.004192993280493829,0,0.5204610951008646,0.39514539139653626,0.6187933191895174,0.5432022,0.50978434,0.5705832,1,-0.006192993280493829,-0.004192993280493829,1.5433651334057943,1.8991872833593233
1864,2023-08-26,26017.37,-0.0029438025442233284,0,0.5204610951008646,0.3852552153631781,0.5650764504062984,0.57266724,0.4813597,0.53364074,0,-0.0,-0.0029438025442233284,1.5433651334057943,1.8935964510026135
1880,2023-09-11,25162.52,0.05552504280175419,1,0.5204610951008646,0.4676777524983316,0.49681553561866104,0.4996675,0.49727273,0.5386733,1,0.053525042801754186,0.05552504280175419,1.6259738182300745,1.9987384749937835
1885,2023-09-16,26559.67,0.0003166455004901536,1,0.5204610951008646,0.38697678359312726,0.4631822564402565,0.4888628,0.4651699,0.41521013,0,0.0,0.0003166455004901536,1.6259738182300745,1.9993713665385469
1929,2023-10-30,34474.73,0.0170368266843568,1,0.5204610951008646,0.5365676334362302,0.5869615640230016,0.6190679,0.51137125,0.5636266,1,0.015036826684356798,0.0170368266843568,1.650423304728102,2.0334343099879297
1934,2023-11-04,35062.07,0.046746241736440375,1,0.5204610951008646,0.5028512420671576,0.561491262271053,0.61038065,0.5068393,0.5460769,1,0.04474624173644037,0.046746241736440375,1.7242735448889206,2.128489721797797
1950,2023-11-20,37448.78,0.008862505000162946,1,0.5204610951008646,0.3923412501433267,0.4809085755797381,0.5224773,0.5120215,0.45643497,1,0.006862505000162946,0.008862505000162946,1.7361063807123696,2.1473534726000256
1955,2023-11-25,37780.67,-0.0015010321415687145,0,0.5204610951008646,0.5303567412620378,0.4780978995731744,0.46765947,0.50678784,0.46626094,1,-0.0035010321415687145,-0.0015010321415687145,1.730028216472313,2.1441302260183437
1999,2024-01-08,46951.04,-0.08738997048840669,0,0.5204610951008646,0.3777681719409482,0.4112390004876998,0.39224043,0.52525,0.3937399,1,-0.08938997048840669,-0.08738997048840669,1.5753810452577421,1.9567547488433
2004,2024-01-13,42847.99,-0.035485678558084044,0,0.5204610951008646,0.6172694375767137,0.5216223339267586,0.50644183,0.49545628,0.51947945,1,-0.037485678558084046,-0.035485678558084044,1.516326817788712,1.8873179788088421
2020,2024-01-29,43302.7,-0.006734222115480137,0,0.5204610951008646,0.4489717018166495,0.39376265692245815,0.42816207,0.4884991,0.39125592,0,-0.0,-0.006734222115480137,1.516326817788712,1.8746083603370043
2025,2024-02-03,43011.09,0.0529528547172371,1,0.5204610951008646,0.5443184956203301,0.5089174383036574,0.53640515,0.4906886,0.40104,1,0.050952854717237095,0.0529528547172371,1.5935879978393506,1.9738742244936478
2069,2024-03-18,67609.99,-0.053542087493283264,0,0.5204610951008646,0.5224616735069192,0.6013947454855304,0.6340116,0.54024535,0.49063244,1,-0.055542087493283265,-0.053542087493283264,1.5050767938351113,1.8681888780650722
2074,2024-03-23,63990.01,0.10611953334590818,1,0.5204610951008646,0.4916113932398381,0.6852207186194246,0.690815,0.52733415,0.5317342,1,0.10411953334590818,0.10611953334590818,1.6617846872589788,2.0664402100073533
2090,2024-04-08,71620.0,-0.10744889695615745,0,0.5204610951008646,0.31268172048885523,0.41086986331654496,0.43538272,0.5105671,0.40892407,1,-0.10944889695615745,-0.10744889695615745,1.4799041862598505,1.8444034888162129
2095,2024-04-13,63924.51,-0.0071088538652858135,0,0.5204610951008646,0.5825402927672577,0.6182044198123833,0.68240505,0.5263667,0.5220898,1,-0.009108853865285814,-0.0071088538652858135,1.4664239552925848,1.831291893945595
2139,2024-05-27,69436.43,-0.024044726953848072,0,0.5204610951008646,0.36940670339404896,0.41980012785238324,0.40872526,0.49529955,0.37582505,1,-0.026044726953848074,-0.024044726953848072,1.4282313437784075,1.787258980382878
2144,2024-06-01,67766.85,0.044744738762388936,1,0.5204610951008646,0.3879417034664312,0.4667644154283831,0.47670606,0.48512867,0.41463202,0,0.0,0.044744738762388936,1.4282313437784075,1.8672294165608434
2160,2024-06-17,66504.33,-0.03371690234305047,0,0.5204610951008646,0.43568586640372625,0.44850785536564775,0.4676039,0.4952996,0.45716214,1,-0.03571690234305047,-0.03371690234305047,1.3772193443493905,1.8042722246705902
2165,2024-06-22,64262.01,-0.0397675080502462,0,0.5204610951008646,0.5416781995450122,0.5881333910992276,0.57811815,0.480914,0.4961514,0,-0.0,-0.0397675080502462,1.3772193443493905,1.732520814451167
2209,2024-08-05,54018.81,0.1278202907468715,1,0.5204610951008646,0.7780525440787202,0.586598606113439,0.67491895,0.53615415,0.6031124,1,0.1258202907468715,0.1278202907468715,1.5505014826776466,1.953972128679322
2214,2024-08-10,60923.51,-0.05551961796029159,0,0.5204610951008646,0.42811354490527187,0.5028897635102222,0.5178855,0.4919359,0.48991594,1,-0.05751961796029159,-0.05551961796029159,1.4613172297471628,1.8454883425899882
2230,2024-08-26,62834.0,-0.061431868096890274,0,0.5204610951008646,0.32298573140399667,0.49014906972252564,0.5574435,0.5114629,0.47441554,1,-0.06343186809689028,-0.061431868096890274,1.3686231479821276,1.7321165461536514
2235,2024-08-31,58973.99,-0.04737664858694479,0,0.5204610951008646,0.6004753722938164,0.5146678912604961,0.58502024,0.51065046,0.5460997,1,-0.049376648586944794,-0.04737664858694479,1.301045123756256,1.6500546692348974
2279,2024-10-14,66083.99,0.03471355164844003,1,0.5204610951008646,0.5640233904386539,0.417818239404819,0.5272204,0.4944322,0.42844155,1,0.03271355164844003,0.03471355164844003,1.3436069306092073,1.7073339272181327
2284,2024-10-19,68378.0,-0.0026283307496562935,0,0.5204610951008646,0.6214385501614068,0.4879165486032978,0.4710949,0.48450282,0.54058397,0,-0.0,-0.0026283307496562935,1.3436069306092073,1.7028464889572938
2300,2024-11-04,67850.01,0.13010241265992462,1,0.5204610951008646,0.4710490959952485,0.48165901132653477,0.5520086,0.49710622,0.5544942,1,0.1281024126599246,0.13010241265992462,1.5157262200868427,1.9243909255601195
2305,2024-11-09,76677.46,0.13886910181949164,1,0.5204610951008646,0.4196959092852202,0.5220776928954213,0.48544994,0.52746207,0.5590607,1,0.13686910181949163,0.13886910181949164,1.7231823064343819,2.1916293649422336
2349,2024-12-23,94881.47,0.004411082585461523,1,0.5204610951008646,0.565765480125063,0.5849759328536597,0.5998803,0.49798808,0.55147225,1,0.002411082585461523,0.004411082585461523,1.7273370412850013,2.2012968230677163
2354,2024-12-28,95300.0,0.017678803777544605,1,0.5204610951008646,0.45899543768340967,0.4421867685340614,0.42074355,0.49036998,0.56635994,1,0.015678803777544603,0.017678803777544605,1.7544196198129933,2.240213117658863
2370,2025-01-13,94536.1,0.10599263138631687,1,0.5204610951008646,0.4666946258219975,0.4738080894224959,0.48344448,0.49053645,0.5161053,1,0.10399263138631687,0.10599263138631687,1.9368663326331281,2.4776592008656704
2375,2025-01-18,104556.23,-0.006177441554654384,0,0.5204610951008646,0.407590126606799,0.43488195261680684,0.49463546,0.52740073,0.42032763,1,-0.008177441554654384,-0.006177441554654384,1.921027721398843,2.462353605959971
2419,2025-03-03,86220.61,2.1340605221853437e-05,1,0.5204610951008646,0.5706730655158545,0.5951671179681204,0.6007738,0.56561255,0.6052486,1,-0.0019786593947781466,2.1340605221853437e-05,1.9172266618502678,2.4624061540761923
2424,2025-03-08,86222.45,-0.05922668632125394,0,0.5204610951008646,0.5702784887861883,0.5751260684013975,0.6038285,0.5136991,0.5936175,1,-0.06122668632125394,-0.05922668632125394,1.7998412264184167,2.3165659971931962
2440,2025-03-24,87498.16,-0.05542539408828717,0,0.5204610951008646,0.597119556277318,0.46287223243778336,0.5302449,0.49312717,0.3864371,1,-0.057425394088287174,-0.05542539408828717,1.696484634694993,2.188169413867237
2445,2025-03-29,82648.54,0.006830731674146939,1,0.5204610951008646,0.3451389677527904,0.5650116931432344,0.5994198,0.514446,0.53903425,1,0.004830731674146939,0.006830731674146939,1.7046798967545178,2.2031162119909395
2489,2025-05-12,102791.32,0.0032622404304174513,1,0.5204610951008646,0.4652679866800281,0.4510061722679445,0.44274968,0.52284175,0.5230555,1,0.0012622404304174512,0.0032622404304174513,1.7068316126411212,2.2103033067706046
2494,2025-05-17,103126.65,0.08309743407741843,1,0.5204610951008646,0.5168764297826177,0.5092532596505205,0.50080866,0.49740967,0.4522622,1,0.08109743407741843,0.08309743407741843,1.8452512768285383,2.393973840096075
2510,2025-06-02,105857.99,-0.0028891536670969664,0,0.5204610951008646,0.3766960411162027,0.4439527136028115,0.50211096,0.49938142,0.45114583,1,-0.0048891536670969665,-0.0028891536670969664,1.8362295597817166,2.387057281797027
2515,2025-06-07,105552.15,0.0011328997088169146,1,0.5204610951008646,0.538141500136692,0.37233090033794286,0.3428719,0.48210064,0.46039718,0,0.0,0.0011328997088169146,1.8362295597817166,2.389761578296504
2559,2025-07-21,117884.28,-0.00523649124378589,0,0.5204610951008646,0.2007326699003386,0.4332487257121216,0.5322785,0.4874786,0.40432382,0,-0.0,-0.00523649124378589,1.8362295597817166,2.3772476127170186
2564,2025-07-26,117266.98,0.007720672946468055,1,0.5204610951008646,0.35091834668894534,0.5019506400576178,0.62868744,0.50206923,0.3532159,1,0.0057206729464680545,0.007720672946468055,1.8467340285478648,2.3956015640475785
2580,2025-08-11,121459.83,-0.0312287609821289,0,0.5204610951008646,0.3481044132197523,0.41122665885369414,0.35172108,0.46703464,0.40640357,0,-0.0,-0.0312287609821289,1.8467340285478648,2.3207898953955226
2585,2025-08-16,117666.79,-0.025509746632843444,0,0.5204610951008646,0.41929369907143005,0.4487171988134576,0.49814036,0.4776412,0.43662527,0,-0.0,-0.025509746632843444,1.8467340285478648,2.2615871331759196
2629,2025-09-29,114311.96,0.06805105957416879,1,0.5204610951008646,0.5698641244850214,0.49038953396768276,0.47452813,0.5003078,0.5920199,1,0.06605105957416879,0.06805105957416879,1.9687127678851246,2.415490533907848
2634,2025-10-04,122091.01,0.004994552833988308,1,0.5204610951008646,0.372592446104493,0.4652327157753415,0.3498109,0.44841266,0.41391152,0,0.0,0.004994552833988308,1.9687127678851246,2.4275548289994493
2650,2025-10-20,108016.9,0.02647039491042613,1,0.5204610951008646,0.24100677590815778,0.47723018591291777,0.37558633,0.48175654,0.512705,0,0.0,0.02647039491042613,1.9687127678851246,2.4918131639897765
2655,2025-10-25,110876.15,-0.0028873657680212883,0,0.5204610951008646,0.3932235356978931,0.34085568856893367,0.34099212,0.46042114,0.42495593,0,-0.0,-0.0028873657680212883,1.9687127678851246,2.4846183879597676
2699,2025-12-08,90762.3,-0.004840115334230233,0,0.5204610951008646,0.15649724849066246,0.33875314302436166,0.28606454,0.46682936,0.44973576,0,-0.0,-0.004840115334230233,1.9687127678851246,2.472592548400493
2704,2025-12-13,90323.0,-0.04872823090464218,0,0.5204610951008646,0.5688486823661378,0.4326595515505745,0.44861928,0.49403763,0.39793572,1,-0.05072823090464218,-0.04872823090464218,1.8688434520109307,2.352107487768936
2720,2025-12-29,88014.12,0.02468138066937442,1,0.5204610951008646,0.29719860693504185,0.4468205383029546,0.53783894,0.4743385,0.42601436,0,0.0,0.02468138066937442,1.8688434520109307,2.4101607480498473
2725,2026-01-03,90186.43,0.013778902214002908,1,0.5204610951008646,0.4093054324472224,0.4299831360851722,0.48738226,0.44476277,0.4026478,0,0.0,0.013778902214002908,1.8688434520109307,2.4433701173172544
2769,2026-02-16,68643.13,-0.009370056406227456,0,0.5204610951008646,0.33801054961401045,0.39291062519568093,0.44418138,0.49205172,0.4839211,1,-0.011370056406227456,-0.009370056406227456,1.8475945965471576,2.420475601496701
2774,2026-02-21,67999.94,0.005452651869986891,1,0.5204610951008646,0.600904827695418,0.4650484118143361,0.5096823,0.4666568,0.4697353,0,0.0,0.005452651869986891,1.8475945965471576,2.4336736123114595
2790,2026-03-09,66443.42,0.06678464172976062,1,0.5204610951008646,0.5624585520470902,0.4767244471705451,0.5174817,0.4984357,0.4577625,1,0.06478464172976062,0.06678464172976062,1.9672903505463069,2.5962056325968526
2795,2026-03-14,70880.82,-0.013414348197439141,0,0.5204610951008646,0.49055880714168076,0.39290725795851433,0.4913144,0.47298157,0.44351608,0,-0.0,-0.013414348197439141,1.9672903505463069,2.561379226249046
2839,2026-04-27,77371.32,0.017002811894639924,1,0.5204610951008646,0.48258222211236806,0.4540517352105776,0.50833386,0.5043975,0.46458256,1,0.015002811894639924,0.017002811894639924,1.9968052376176932,2.604929875423797
2844,2026-05-02,78686.85,0.016764554687346056,1,0.5204610951008646,0.5182354817870916,0.41797281863351854,0.39659563,0.47484758,0.44607878,0,0.0,0.016764554687346056,1.9968052376176932,2.6486003647770406
2860,2026-05-18,77001.87,-0.0032448562612830134,0,0.5204610951008646,0.4297127672242589,0.4057393683006975,0.40379,0.49338832,0.53360707,1,-0.0052448562612830135,-0.0032448562612830134,1.9863322811646114,2.6400060372997576
2865,2026-05-23,76752.01,-0.04083932134155188,0,0.5204610951008646,0.6475521074930156,0.40845623124754055,0.43942356,0.47834805,0.50187,0,-0.0,-0.04083932134155188,1.9863322811646114,2.532189982398836
